ID,prediction
28800,0.6666666666666666
28801,1.0
28802,0.3333333333333333
